-- GENERATED by scripts/gen-seed.ts from src/lib/data/* — do not edit by hand.
-- Re-run: npm run db:gen-seed
-- Faithful snapshot of the in-repo mock data (today = 2026-06-20).

begin;

-- S3: `activity` is now a security_invoker VIEW over the append-only lot_event
-- ledger (not a table), so it is no longer truncatable/insertable directly. The
-- ledger is immutable (no DELETE), so the activity feed is re-seeded idempotently
-- via the _seed_activity_event() command RPC below (keyed per row → re-running this
-- seed file is a no-op for already-recorded events).
-- S4: daily_cherries / weekly_harvest / variety_shares / season_summary are no longer
-- tables — they were renamed aside to *_deprecated and the dashboard now reads
-- security_invoker VIEWS that COMPUTE these aggregates from `harvests`. So they're
-- dropped from this truncate + no longer seeded (seeding them would be dead data the
-- views ignore). The season HEADLINE inputs live in `farm_season_config` (seeded below).
-- cost_entry is added explicitly: it has NO FK to lots (target_code is un-FK'd by
-- design), so a `truncate lots cascade` does NOT reach it — without this, re-running
-- the seed re-inserts every cost and DOUBLES COGS (phase-1 review HIGH).
truncate table plots, workers, lots, harvests, processing_batches, tasks, weather, reserve_zones, cost_entry, crews, crew_memberships, worker_identity, worker_stream_event, attendance_event, por_obra_contracts, worker_certifications restart identity cascade;

insert into plots (id, ord, name, block, variety, area_ha, altitude_masl, trees, shade_pct, established_year, status, last_inspected, expected_yield_kg, harvested_kg, geom, centroid) values
  ('p-tizingal-alto', 0, 'Tizingal Alto', 'Block A', 'Geisha', 4.2, 1690, 14800, 55, 2014, 'healthy', '2026-06-18', 18600, 12120, '{"type":"Polygon","coordinates":[[[-82.641276,8.776908],[-82.639413,8.776908],[-82.639413,8.778761],[-82.641276,8.778761],[-82.641276,8.776908]]]}'::jsonb, '{"type":"Point","coordinates":[-82.640344,8.777835]}'::jsonb),
  ('p-baru-vista', 1, 'Barú Vista', 'Block A', 'Geisha', 3.1, 1640, 10900, 48, 2016, 'watch', '2026-06-17', 13200, 7400, '{"type":"Polygon","coordinates":[[[-82.634782,8.777039],[-82.633181,8.777039],[-82.633181,8.778631],[-82.634782,8.778631],[-82.634782,8.777039]]]}'::jsonb, '{"type":"Point","coordinates":[-82.633982,8.777835]}'::jsonb),
  ('p-talamanca', 2, 'Talamanca', 'Block B', 'Caturra', 6.5, 1520, 24500, 40, 2009, 'healthy', '2026-06-19', 31000, 22800, '{"type":"Polygon","coordinates":[[[-82.628777,8.776682],[-82.62646,8.776682],[-82.62646,8.778988],[-82.628777,8.778988],[-82.628777,8.776682]]]}'::jsonb, '{"type":"Point","coordinates":[-82.627618,8.777835]}'::jsonb),
  ('p-nueva-suiza', 3, 'Nueva Suiza', 'Block B', 'Catuaí', 5.8, 1480, 21800, 38, 2011, 'healthy', '2026-06-16', 27500, 19300, '{"type":"Polygon","coordinates":[[[-82.62235,8.776746],[-82.620161,8.776746],[-82.620161,8.778924],[-82.62235,8.778924],[-82.62235,8.776746]]]}'::jsonb, '{"type":"Point","coordinates":[-82.621255,8.777835]}'::jsonb),
  ('p-paso-ancho', 4, 'Paso Ancho', 'Block C', 'Pacamara', 3.7, 1450, 11200, 44, 2017, 'at-risk', '2026-06-15', 12600, 4100, '{"type":"Polygon","coordinates":[[[-82.641218,8.783296],[-82.63947,8.783296],[-82.63947,8.785035],[-82.641218,8.785035],[-82.641218,8.783296]]]}'::jsonb, '{"type":"Point","coordinates":[-82.640344,8.784166]}'::jsonb),
  ('p-bambito', 5, 'Bambito', 'Block C', 'Caturra', 4.9, 1560, 18400, 42, 2012, 'watch', '2026-06-18', 22000, 13900, '{"type":"Polygon","coordinates":[[[-82.634987,8.783164],[-82.632975,8.783164],[-82.632975,8.785166],[-82.634987,8.785166],[-82.634987,8.783164]]]}'::jsonb, '{"type":"Point","coordinates":[-82.633981,8.784165]}'::jsonb),
  ('p-las-lagunas', 6, 'Las Lagunas', 'Block D', 'Geisha', 2.6, 1700, 8600, 60, 2018, 'healthy', '2026-06-19', 9800, 6500, '{"type":"Polygon","coordinates":[[[-82.628351,8.783436],[-82.626886,8.783436],[-82.626886,8.784894],[-82.628351,8.784894],[-82.628351,8.783436]]]}'::jsonb, '{"type":"Point","coordinates":[-82.627618,8.784165]}'::jsonb),
  ('p-palmira', 7, 'Palmira', 'Block D', 'Typica', 5.2, 1390, 19600, 35, 2008, 'healthy', '2026-06-14', 23400, 17800, '{"type":"Polygon","coordinates":[[[-82.622292,8.783134],[-82.620219,8.783134],[-82.620219,8.785196],[-82.622292,8.785196],[-82.622292,8.783134]]]}'::jsonb, '{"type":"Point","coordinates":[-82.621256,8.784165]}'::jsonb),
  ('p-cuesta-piedra', 8, 'Cuesta de Piedra', 'Block E', 'Catuaí', 4.4, 1360, 16500, 33, 2010, 'watch', '2026-06-13', 19800, 11200, '{"type":"Polygon","coordinates":[[[-82.641297,8.789547],[-82.639391,8.789547],[-82.639391,8.791444],[-82.641297,8.791444],[-82.641297,8.789547]]]}'::jsonb, '{"type":"Point","coordinates":[-82.640344,8.790496]}'::jsonb),
  ('p-rio-sereno', 9, 'Río Sereno', 'Block E', 'Pacamara', 3.3, 1430, 9900, 46, 2019, 'healthy', '2026-06-17', 11400, 7100, '{"type":"Polygon","coordinates":[[[-82.634807,8.789674],[-82.633156,8.789674],[-82.633156,8.791317],[-82.634807,8.791317],[-82.634807,8.789674]]]}'::jsonb, '{"type":"Point","coordinates":[-82.633982,8.790495]}'::jsonb);

insert into workers (id, name, role, daily_rate_usd, attendance, started_year, phone, today_kg, crew) values
  ('w-01', 'Miguel Janson', 'Supervisor', 42, 'present', 2009, '+507 6500-1209', 0, 'Field Ops'),
  ('w-02', 'Janette Janson', 'Agronomist', 48, 'present', 2011, '+507 6500-3382', 0, 'Field Ops'),
  ('w-03', 'Eduardo Pérez', 'Picker', 22, 'present', 2015, '+507 6612-7741', 92, 'Crew Norte'),
  ('w-04', 'Rosa Quintero', 'Picker', 22, 'present', 2016, '+507 6633-1180', 84, 'Crew Norte'),
  ('w-05', 'Tomás Atencio', 'Picker', 22, 'present', 2018, '+507 6644-9921', 64, 'Crew Tizingal'),
  ('w-06', 'Lucía Morales', 'Picker', 22, 'present', 2019, '+507 6655-2210', 88, 'Crew Tizingal'),
  ('w-07', 'Carlos Beker', 'Picker', 22, 'rest-day', 2014, '+507 6677-4456', 0, 'Crew Norte'),
  ('w-08', 'Ana Serrano', 'Picker', 22, 'present', 2020, '+507 6688-0034', 76, 'Crew Tizingal'),
  ('w-09', 'Pedro Caballero', 'Picker', 22, 'present', 2017, '+507 6699-7712', 90, 'Crew Norte'),
  ('w-10', 'Néstor Gómez', 'Mill Operator', 30, 'present', 2013, '+507 6701-5589', 0, 'Crew Mill'),
  ('w-11', 'Yarisel Pitti', 'Mill Operator', 30, 'present', 2018, '+507 6712-3301', 0, 'Crew Mill'),
  ('w-12', 'Raúl Santamaría', 'Driver', 28, 'present', 2012, '+507 6723-8890', 0, 'Field Ops'),
  ('w-13', 'Iris Castillo', 'Picker', 22, 'present', 2021, '+507 6734-1145', 71, 'Crew Tizingal'),
  ('w-14', 'Félix Rodríguez', 'Picker', 22, 'present', 2016, '+507 6745-6622', 79, 'Crew Norte');

-- ── P2-S1: promote-in-place people system ────────────────────────────────────
-- seed.sql runs AFTER all migrations, so the people-system backfill (crews +
-- crew_memberships + worker_identity, derived from the workers just inserted) is
-- driven HERE via the idempotent _backfill_people() helper the S1 migration defines
-- (the S5 precedent: the seed calls the writer, never raw-inserts derived rows). Then
-- a few real dignity-data flourishes for the /crew dogfood moment — the Ngäbe-Buglé
-- crew's languages/comarca, a still-valid pesticide cert, and a signed por-obra
-- piece-rate — written through the command RPCs so they exercise the live write door.
select _backfill_people();
-- The "Returning partners" strip is the SEASON-START dignity moment for the returning
-- Ngäbe-Buglé PICKING crew — not "rehire everyone". rehire_eligible defaults true (the
-- right default for a newly-enrolled seasonal worker), so narrow the YEAR-ROUND /
-- non-seasonal staff to false here: the supervisor (w-01), agronomist (w-02), two mill
-- operators (w-10/w-11), and the driver (w-12) are not seasonally rehired, so the strip
-- and its one-tap Rehire CTA no longer surface on the owning family. That leaves the 9
-- returning pickers (w-03..w-09, w-13, w-14) as the strip's subjects.
update worker_identity set rehire_eligible = false
 where worker_id in ('w-01','w-02','w-10','w-11','w-12');
update worker_identity set comarca_origin = 'Ngäbe-Buglé', preferred_name = 'Lucía',
       languages = array['es','ngäbere'], id_doc_kind = 'cedula', rehire_eligible = true
 where worker_id = 'w-06';
update worker_identity set comarca_origin = 'Ngäbe-Buglé', languages = array['es','ngäbere'], rehire_eligible = true
 where worker_id in ('w-08','w-13');
select record_certification('w-06', 'pesticide-handling', '2026-01-15', '2027-01-15', 'MIDA Panamá', 'cert-doc-w06', 'seed-cert-w06');
select sign_por_obra_contract('w-06', 'picking', 'per-lata', 3.50, '2026-06-01', null, 'seed-sig-w06', 'seed-por-w06');

insert into lots (code) values
  ('JC-541'),
  ('JC-552'),
  ('JC-564'),
  ('JC-573'),
  ('JC-588'),
  ('JC-596'),
  ('JC-602'),
  ('JC-611');

insert into harvests (id, date, plot_id, worker_id, cherries_kg, ripeness_pct, brix_avg, lot_code) values
  ('h-0620-01', '2026-06-20', 'p-tizingal-alto', 'w-06', 88, 96, 23.4, 'JC-564'),
  ('h-0620-02', '2026-06-20', 'p-tizingal-alto', 'w-13', 71, 94, 22.8, 'JC-564'),
  ('h-0620-03', '2026-06-20', 'p-las-lagunas', 'w-08', 76, 97, 23.9, 'JC-602'),
  ('h-0620-04', '2026-06-20', 'p-talamanca', 'w-03', 92, 90, 19.6, 'JC-552'),
  ('h-0620-05', '2026-06-20', 'p-talamanca', 'w-04', 84, 91, 19.9, 'JC-552'),
  ('h-0620-06', '2026-06-20', 'p-nueva-suiza', 'w-14', 79, 88, 20.4, 'JC-573'),
  ('h-0620-07', '2026-06-20', 'p-baru-vista', 'w-05', 64, 93, 22.6, 'JC-541'),
  ('h-0620-08', '2026-06-20', 'p-bambito', 'w-09', 90, 89, 19.2, 'JC-596'),
  ('h-0619-01', '2026-06-19', 'p-tizingal-alto', 'w-06', 82, 95, 23.1, 'JC-564'),
  ('h-0619-02', '2026-06-19', 'p-las-lagunas', 'w-13', 68, 98, 23.7, 'JC-602'),
  ('h-0619-03', '2026-06-19', 'p-talamanca', 'w-03', 96, 90, 19.4, 'JC-552'),
  ('h-0619-04', '2026-06-19', 'p-palmira', 'w-14', 87, 87, 20.1, 'JC-611'),
  ('h-0618-01', '2026-06-18', 'p-baru-vista', 'w-05', 73, 92, 22.3, 'JC-541'),
  ('h-0618-02', '2026-06-18', 'p-tizingal-alto', 'w-08', 79, 94, 22.9, 'JC-564'),
  ('h-0618-03', '2026-06-18', 'p-nueva-suiza', 'w-04', 85, 89, 20.6, 'JC-573'),
  ('h-0618-04', '2026-06-18', 'p-bambito', 'w-09', 94, 88, 19, 'JC-596'),
  ('h-0617-01', '2026-06-17', 'p-talamanca', 'w-03', 101, 91, 19.7, 'JC-552'),
  ('h-0617-02', '2026-06-17', 'p-las-lagunas', 'w-06', 62, 97, 23.5, 'JC-602'),
  ('h-0617-03', '2026-06-17', 'p-rio-sereno', 'w-13', 70, 86, 21.2, 'JC-588'),
  ('h-0616-01', '2026-06-16', 'p-baru-vista', 'w-05', 75, 93, 22.5, 'JC-541'),
  ('h-0616-02', '2026-06-16', 'p-palmira', 'w-14', 90, 85, 19.8, 'JC-611'),
  ('h-0616-03', '2026-06-16', 'p-nueva-suiza', 'w-04', 83, 90, 20.3, 'JC-573'),
  ('h-0615-01', '2026-06-15', 'p-cuesta-piedra', 'w-09', 77, 84, 20, 'JC-573'),
  ('h-0615-02', '2026-06-15', 'p-tizingal-alto', 'w-08', 80, 95, 23, 'JC-564'),
  ('h-0615-03', '2026-06-15', 'p-bambito', 'w-03', 98, 89, 19.3, 'JC-596'),
  ('h-0614-01', '2026-06-14', 'p-talamanca', 'w-04', 89, 90, 19.5, 'JC-552'),
  ('h-0614-02', '2026-06-14', 'p-las-lagunas', 'w-06', 66, 96, 23.6, 'JC-602'),
  ('h-0614-03', '2026-06-14', 'p-paso-ancho', 'w-05', 58, 82, 21.4, 'JC-588'),
  ('h-0613-01', '2026-06-13', 'p-baru-vista', 'w-13', 72, 92, 22.2, 'JC-541'),
  ('h-0613-02', '2026-06-13', 'p-palmira', 'w-14', 86, 86, 19.9, 'JC-611'),
  ('h-0613-03', '2026-06-13', 'p-rio-sereno', 'w-08', 69, 85, 21, 'JC-588');

insert into processing_batches (id, lot_code, variety, method, stage, started_date, cherries_kg, current_kg, moisture_pct, patio, progress_pct) values
  ('b-602-geisha-anaerobic', 'JC-602', 'Geisha', 'Anaerobic', 'cherry', '2026-06-19', 620, 620, 64, 'Patio 1', 8),
  ('b-611-pacamara-natural', 'JC-611', 'Pacamara', 'Natural', 'cherry', '2026-06-18', 1480, 1480, 63, 'Patio 2', 8),
  ('b-596-geisha-washed', 'JC-596', 'Geisha', 'Washed', 'fermentation', '2026-06-17', 540, 486, 58, 'Bed 3', 22),
  ('b-588-catuai-honey', 'JC-588', 'Catuaí', 'Honey', 'fermentation', '2026-06-16', 1760, 1620, 57, 'Bed 4', 22),
  ('b-573-caturra-washed', 'JC-573', 'Caturra', 'Washed', 'drying', '2026-06-11', 2200, 880, 18.5, 'Bed 5', 55),
  ('b-564-pacamara-natural', 'JC-564', 'Pacamara', 'Natural', 'drying', '2026-06-08', 1320, 462, 21, 'Bed 6', 55),
  ('b-552-geisha-anaerobic', 'JC-552', 'Geisha', 'Anaerobic', 'drying', '2026-06-06', 480, 132, 13.5, 'Bed 7', 55),
  ('b-541-typica-washed', 'JC-541', 'Typica', 'Washed', 'parchment', '2026-06-02', 1900, 418, 11.5, 'Bed 8', 72),
  ('b-564-caturra-honey', 'JC-564', 'Caturra', 'Honey', 'milled', '2026-05-27', 1640, 312, 11, 'Bed 9', 88),
  ('b-541-catuai-natural', 'JC-541', 'Catuaí', 'Natural', 'green', '2026-05-21', 2050, 369, 10.8, 'Bed 2', 100),
  ('b-552-typica-washed', 'JC-552', 'Typica', 'Washed', 'green', '2026-05-20', 760, 137, 10.8, 'Bed 1', 100);

insert into tasks (id, title, category, plot_id, worker_id, due, status, priority) values
  ('t-01', 'Scout for broca (berry borer)', 'Pest Control', 'p-paso-ancho', 'w-02', '2026-06-16', 'in-progress', 'high'),
  ('t-02', 'Repair drying bed mesh on raised beds 4–7', 'Soil', null, 'w-10', '2026-06-17', 'blocked', 'high'),
  ('t-03', 'Weed and mulch tree rows after early rains', 'Weeding', 'p-cuesta-piedra', 'w-01', '2026-06-19', 'todo', 'medium'),
  ('t-04', 'Apply organic compost to young Geisha trees', 'Fertilizing', 'p-las-lagunas', 'w-02', '2026-06-20', 'todo', 'medium'),
  ('t-05', 'Calibrate pulper before next wet-mill run', 'Soil', null, 'w-11', '2026-06-21', 'in-progress', 'high'),
  ('t-06', 'Renovate shade canopy — thin overgrown guabo', 'Pruning', 'p-talamanca', 'w-01', '2026-06-22', 'todo', 'medium'),
  ('t-07', 'Selective pruning of bourbon-form Caturra', 'Pruning', 'p-bambito', 'w-01', '2026-06-23', 'todo', 'low'),
  ('t-08', 'Soil pH sampling across Block B', 'Soil', 'p-nueva-suiza', 'w-02', '2026-06-24', 'todo', 'medium'),
  ('t-09', 'Flush and inspect drip irrigation lines', 'Irrigation', 'p-palmira', 'w-12', '2026-06-25', 'todo', 'low'),
  ('t-10', 'Foliar feed with seaweed extract post-bloom', 'Fertilizing', 'p-baru-vista', 'w-02', '2026-06-26', 'todo', 'medium'),
  ('t-11', 'Stump and re-establish frost-damaged rows', 'Planting', 'p-rio-sereno', 'w-01', '2026-06-27', 'todo', 'low'),
  ('t-12', 'Transplant Geisha seedlings from the nursery', 'Planting', 'p-tizingal-alto', 'w-02', '2026-06-28', 'todo', 'medium'),
  ('t-13', 'Hang broca alcohol-and-water traps farm-wide', 'Pest Control', null, 'w-02', '2026-06-29', 'todo', 'high'),
  ('t-14', 'Clear and grade the Block C access road', 'Weeding', 'p-paso-ancho', 'w-12', '2026-06-30', 'todo', 'low');

-- Activity feed → lot_event projection (the `activity` view reads these back as the
-- frozen (id, at, kind, text) shape, newest-first). Recorded via the idempotent
-- _seed_activity_event RPC so the immutable ledger is never written twice.
select _seed_activity_event('act-01', '2026-06-20', 'harvest',    'Talamanca delivered 84 kg cherries — Rosa Quintero, lot JC-552');
select _seed_activity_event('act-02', '2026-06-20', 'harvest',    'Barú Vista delivered 64 kg cherries — Tomás Atencio, lot JC-541');
select _seed_activity_event('act-03', '2026-06-20', 'labor',      'Crew Norte clocked in — 644 kg picked across 8 lots today');
select _seed_activity_event('act-04', '2026-06-20', 'processing', 'Lot JC-602 Geisha started anaerobic ferment — Néstor Gómez (Patio 1)');
select _seed_activity_event('act-05', '2026-06-20', 'task',       'Shade pruning started on Talamanca — Miguel Janson thinning guabo canopy');
select _seed_activity_event('act-06', '2026-06-19', 'processing', 'Lot JC-552 Geisha moved to drying (Bed 7) — moisture at 13.5%');
select _seed_activity_event('act-07', '2026-06-19', 'shipment',   'Green export lot JC-541 staged for shipment — Raúl Santamaría loading');
select _seed_activity_event('act-08', '2026-06-19', 'harvest',    'Las Lagunas delivered 68 kg cherries — Iris Castillo, lot JC-602');
select _seed_activity_event('act-09', '2026-06-19', 'task',       'Broca (berry borer) scouting underway on Paso Ancho — Janette Janson');

insert into weather (sort_order, day, hi, lo, rain_pct, icon) values
  (0, 'Today', 22, 14, 65, 'rain'),
  (1, 'Sat', 23, 14, 45, 'cloud'),
  (2, 'Sun', 24, 15, 25, 'sun'),
  (3, 'Mon', 21, 13, 80, 'rain'),
  (4, 'Tue', 20, 12, 55, 'fog');

-- S4: daily_cherries / weekly_harvest / variety_shares are now computed VIEWS over
-- `harvests` (not seeded tables). The season HEADLINE keeps only its genuine INPUTS —
-- the target goal + modeled YTD revenue — in farm_season_config; harvested_kg/today_kg
-- are summed by season_summary_view from harvests. (harvested_kg=122240, today_kg=644 in
-- the old hand-authored row were derived figures, now computed live, so they're dropped.)
insert into farm_season_config (id, target_kg, ytd_revenue_usd) values
  (1, 190000, 486500)
  on conflict (id) do update
    set target_kg = excluded.target_kg, ytd_revenue_usd = excluded.ytd_revenue_usd;

insert into reserve_zones (id, name, kind, geom, area_ha, notes) values
  ('rz-quetzal', 'Quetzal Cloud-Forest Reserve', 'reserve', '{"type":"Polygon","coordinates":[[[-82.682228,8.829605],[-82.669372,8.829605],[-82.669372,8.842395],[-82.682228,8.842395],[-82.682228,8.829605]]]}'::jsonb, 200.9, 'PLACEHOLDER outline pending the real traced reserve boundary (human/family gate).');

-- ── S5: GreenLot inventory + ATP seed (the first money-shaped slice) ──────────
-- A milled SOURCE node with declared mass, then a green lot materialized FROM it
-- via the only writer (materialize_green_lot — links a conserved 'process' edge),
-- with a reservation + a shipment seeded so /inventory shows a live ATP meter
-- (committed vs available). The source/green codes use the JC-NNN format
-- (lots_code_format CHECK is digits-only). materialize_green_lot is idempotent on
-- the green code, so re-seeding never double-routes mass.
insert into lots (code, stage, variety, origin_kg, current_kg, is_single_origin, minted_at) values
  ('JC-700', 'milled', 'Geisha',   620, 620, true, '2026-06-15T08:00:00Z'),
  ('JC-710', 'milled', 'Caturra',  900, 900, true, '2026-06-16T08:00:00Z')
  on conflict (code) do nothing;

select materialize_green_lot('JC-700', 'JC-701', 600, 89.5, 'Volcán Warehouse · Bin A3', '2026-06-18T10:00:00Z');
select materialize_green_lot('JC-710', 'JC-711', 880, 86.0, 'Volcán Warehouse · Bin B1', '2026-06-19T10:00:00Z');

-- Claims against the green lots (append-only). JC-701: 600 kg green, 250 committed
-- (150 reserved + 100 shipped) → ATP 350. JC-711: 880 kg green, 300 reserved → ATP 580.
insert into lot_reservations (green_lot_code, buyer, kg) values
  ('JC-701', 'Onyx Coffee Lab',        150),
  ('JC-711', 'Sey Coffee (Brooklyn)',  300);
insert into lot_shipments (green_lot_code, destination, kg) values
  ('JC-701', 'Port of Balboa → Oakland', 100);

-- ── S7: Activity-based COGS seed (the number the business turns on) ───────────
-- An APPEND-ONLY cost_entry ledger exercising all FOUR allocation rules against the
-- two seeded green lots (JC-701 from source JC-700; JC-711 from source JC-710). The
-- agronomy→plot rule needs a harvest tying a plot to the source lots — JC-700/JC-710
-- aren't harvest lot_codes, so the agronomy row here targets a plot whose harvested
-- lots DO descend to greens only once the lot graph links them; for the demo it lands
-- as a plot-level cost that the matview apportions by harvested-kg share where edges
-- exist. cost-per-kg-green is then served by cogs_per_lot()/cogs_per_plot() and the
-- /costing waterfall. Corrections would be reversing (negative-amount) rows; none
-- seeded. After loading, the matview is refreshed once (the write-path seam).
insert into cost_entry (driver, allocation_rule, target_kind, target_code, amount_usd, memo) values
  ('worker-day',      'direct-labor', 'lot',  'JC-701', 2400, 'Picking + sorting labor — lot JC-701'),
  ('processing-batch','processing',   'lot',  'JC-701',  900, 'Anaerobic ferment + drying — lot JC-701'),
  ('worker-day',      'direct-labor', 'lot',  'JC-711', 3100, 'Picking + sorting labor — lot JC-711'),
  ('processing-batch','processing',   'lot',  'JC-711', 1250, 'Washed processing + drying — lot JC-711'),
  ('worker-day',      'overhead',     'farm',  null,    1800, 'Farm overhead — utilities, admin, depreciation');

-- Refresh the one earned materialized view so seeded COGS is immediately readable.
select refresh_lot_cost();

-- ── S8: EUDR traceability seed (plots of origin + deforestation-free claims) ──
-- The seeded green lots descend from milled sources JC-700/JC-710 that carried no
-- harvests, so they had no traceable origin. Tie real plots to those sources via
-- harvests (independent records — no conservation trigger): the green lot up-walk
-- then reaches them. JC-701 ← JC-700 ← {p-baru-vista, p-talamanca};
-- JC-711 ← JC-710 ← {p-nueva-suiza, p-palmira}. (Harvest weights are illustrative;
-- only the plot↔lot linkage matters to the dossier.)
-- EUDR origin-linkage harvests + early-season BULK harvest rows. All dated early in
-- the season (April) so they (a) establish each green lot's plots of origin for the
-- EUDR dossier and (b) make the dashboard SEASON HEADLINE coherent. The season view
-- sums cherries_kg from harvests (S4 "logged truth"), so with only the sparse recent
-- daily log the season ring read a broken ~3% of target (review finding). These bulk
-- rows bring the logged total in line with the farm's real scale (≈ the plots'
-- harvested_kg, ~122k) so the ring reads a realistic mid-late-season ~60%; the recent
-- daily log above still drives the today/daily/weekly trend (these April rows fall
-- outside that window). NOTE: a real full-season harvest log is generated by the
-- pipeline-UI slice; these bulk rows are the demo stand-in until then. (All target
-- non-green lots, so the harvests_no_green_target trigger permits them.)
insert into harvests (id, date, plot_id, worker_id, cherries_kg, ripeness_pct, brix_avg, lot_code) values
  ('h-eudr-700a', '2026-04-15', 'p-baru-vista',   'w-05',   320, 92, 22.4, 'JC-700'),
  ('h-eudr-700b', '2026-04-15', 'p-talamanca',    'w-03',   300, 90, 19.8, 'JC-700'),
  ('h-eudr-710a', '2026-04-15', 'p-nueva-suiza',  'w-14',   460, 89, 20.4, 'JC-710'),
  ('h-eudr-710b', '2026-04-15', 'p-palmira',      'w-13',   440, 87, 20.0, 'JC-710'),
  ('h-bulk-564',  '2026-04-10', 'p-tizingal-alto','w-06', 11800, 93, 22.5, 'JC-564'),
  ('h-bulk-541',  '2026-04-10', 'p-baru-vista',   'w-05',  6800, 92, 22.4, 'JC-541'),
  ('h-bulk-552',  '2026-04-10', 'p-talamanca',    'w-03', 22000, 90, 19.7, 'JC-552'),
  ('h-bulk-573',  '2026-04-10', 'p-nueva-suiza',  'w-14', 18800, 89, 20.3, 'JC-573'),
  ('h-bulk-588',  '2026-04-10', 'p-rio-sereno',   'w-13',  3600, 86, 21.2, 'JC-588'),
  ('h-bulk-596',  '2026-04-10', 'p-bambito',      'w-09', 13500, 88, 19.2, 'JC-596'),
  ('h-bulk-602',  '2026-04-10', 'p-las-lagunas',  'w-08', 16000, 96, 23.5, 'JC-602'),
  ('h-bulk-611',  '2026-04-10', 'p-palmira',      'w-14', 17500, 87, 20.1, 'JC-611');

-- Declare the deforestation-free status. JC-701's plots are fully declared
-- (basis: established before the 2020-12-31 cutoff, so no new clearing) → the lot
-- reads COMPLIANT. One of JC-711's plots (p-palmira) is left UNDECLARED so that
-- lot reads INCOMPLETE — the honest "cannot fully substantiate yet" demo state.
select eudr_declare_plot('p-baru-vista',  true, 'established-pre-cutoff');
select eudr_declare_plot('p-talamanca',   true, 'established-pre-cutoff');
select eudr_declare_plot('p-nueva-suiza', true, 'satellite-monitoring');
-- p-palmira intentionally left undeclared (demonstrates the INCOMPLETE verdict).

-- ── Advance the lot-code minter past every seeded code ───────────────────────
-- lot_code_seq starts at 700 but the seed hard-inserts JC-700/701/710/711 WITHOUT
-- advancing it, so the first real record_cherry_intake would mint 'JC-700' and
-- collide on lots_pkey (phase-1 review HIGH). Sync the sequence to the max seeded
-- JC number so the next mint is strictly greater. (The minter is also collision-
-- proof now — mig 20260621110000 — so this is belt-and-braces.)
select setval('lot_code_seq', (select max((split_part(code, '-', 2))::bigint)
                                 from lots where code ~ '^JC-[0-9]+$'));

-- ── P2-S7: payroll dogfood — a calculated pay period for the people-trunk capstone ──
-- The /payroll cockpit needs a real, frozen period to read. The make-whole guard,
-- statutory withholding, and the append-only ledgers all live in the migration; here
-- we seed the INPUTS (attendance hours + a tuned min wage) and run the live
-- compute_pay_period RPC so the dogfood shows a genuine snapshot — including ONE
-- worker the legal-minimum guard visibly lifts.
--
-- ⚠️ The min wage + statutory rates below are PLACEHOLDER demo values (DESIGN §4.1
-- Apply-OK gate). They make the make-whole + withholding render today; they are NOT
-- the confirmed Panama figures and must be set by the family/an accountant before a
-- real run. min_wage_hourly is tuned to 3.00/hr so a short-clocked picker falls under
-- the floor and the make-whole fires (with the 0.80 default, every full day clears it).
update farm_season_config
   set min_wage_hourly_usd = 3.00, standard_workday_hours = 8
 where id = 1;

-- A week of attendance for the picking crew (clock-in 13:00Z → clock-out 21:00Z = 8h),
-- written through the live record_attendance RPC so the hour-pairing the payroll view
-- relies on is exercised. w-06 (Lucía) gets a SHORT day (1h) so her blended pay falls
-- below the floor and the system tops her up — the dignity moment, made literal.
select record_attendance('w-03','clock-in',  null, '2026-06-16T13:00:00Z'::timestamptz, 'server', next_server_seq(), 'seed-att-w03-in');
select record_attendance('w-03','clock-out', null, '2026-06-16T21:00:00Z'::timestamptz, 'server', next_server_seq(), 'seed-att-w03-out');
select record_attendance('w-04','clock-in',  null, '2026-06-16T13:00:00Z'::timestamptz, 'server', next_server_seq(), 'seed-att-w04-in');
select record_attendance('w-04','clock-out', null, '2026-06-16T21:00:00Z'::timestamptz, 'server', next_server_seq(), 'seed-att-w04-out');
select record_attendance('w-08','clock-in',  null, '2026-06-17T13:00:00Z'::timestamptz, 'server', next_server_seq(), 'seed-att-w08-in');
select record_attendance('w-08','clock-out', null, '2026-06-17T21:00:00Z'::timestamptz, 'server', next_server_seq(), 'seed-att-w08-out');
-- Lucía: a short 1-hour clocked day → blended pay below the 3.00/hr floor → made whole.
select record_attendance('w-06','clock-in',  null, '2026-06-16T13:00:00Z'::timestamptz, 'server', next_server_seq(), 'seed-att-w06-in');
select record_attendance('w-06','clock-out', null, '2026-06-16T14:00:00Z'::timestamptz, 'server', next_server_seq(), 'seed-att-w06-out');

-- statutory rate row for the period (placeholder; supersedes the 2026-01-01 baseline).
insert into statutory_rates (effective_from, css_employee_pct, seguro_educativo_pct, decimo_accrual_pct, note)
values ('2026-06-01', 9.75, 1.25, 8.33, 'PLACEHOLDER demo rates — confirm with family/accountant before a real run.')
  on conflict (effective_from) do nothing;

-- Calculate (freeze the snapshot for) the demo week via the live command RPC.
select compute_pay_period('pp-2026-06-w3', '2026-06-15', '2026-06-21', '2026-2027', 'daily');

-- ── P2-S8: harvest-planning dogfood — real phenology + a pasada on the calendar ──
-- v_harvest_readiness LEFT-JOINs plot_phenology and coalesces a missing row to GDD 0,
-- so on a fresh seed with NO phenology every plot rendered ~0% / "No bloom logged" and
-- the pasada calendar was empty forever — the planner showed a wall of meaningless 0%
-- cards and the empty-states instructed the user to use controls that (until now) did
-- not exist. Log real maturation signals (a bloom + accumulated GDD, staggered down the
-- altitude gradient: the lower, warmer plots near their 2200 GDD requirement = ready;
-- the high Geisha early) through the LIVE record_maturation_signal RPC so the readiness
-- model derives genuine staggered scores, then schedule one pasada so the calendar is
-- non-empty and fires a real task onto the Tasks board. (Written via the command RPCs,
-- exercising the live write door — the seed never raw-inserts derived rows.)
select record_maturation_signal('p-cuesta-piedra','2026-01-10', 2120, 0.74, '2026-06-20T12:00:00Z'::timestamptz, 'server', next_server_seq(), 'seed-mat-cuesta');
select record_maturation_signal('p-palmira',      '2026-01-12', 2040, 0.71, '2026-06-20T12:00:00Z'::timestamptz, 'server', next_server_seq(), 'seed-mat-palmira');
select record_maturation_signal('p-talamanca',    '2026-01-20', 1760, 0.66, '2026-06-20T12:00:00Z'::timestamptz, 'server', next_server_seq(), 'seed-mat-talamanca');
select record_maturation_signal('p-nueva-suiza',  '2026-01-22', 1580, 0.62, '2026-06-20T12:00:00Z'::timestamptz, 'server', next_server_seq(), 'seed-mat-nuevasuiza');
select record_maturation_signal('p-bambito',      '2026-02-01', 1320, 0.58, '2026-06-20T12:00:00Z'::timestamptz, 'server', next_server_seq(), 'seed-mat-bambito');
select record_maturation_signal('p-tizingal-alto','2026-02-10',  980, 0.52, '2026-06-20T12:00:00Z'::timestamptz, 'server', next_server_seq(), 'seed-mat-tizingal');
select record_maturation_signal('p-las-lagunas',  '2026-02-12',  860, 0.49, '2026-06-20T12:00:00Z'::timestamptz, 'server', next_server_seq(), 'seed-mat-laslagunas');

-- Schedule the first pasada on the readiest plot (fires a Harvest task onto /tasks).
select schedule_pasada('p-cuesta-piedra', '2026', 1, '2026-06-28', 'high', '2026-06-20T12:00:00Z'::timestamptz, 'server', next_server_seq(), 'seed-pasada-cuesta');

commit;
